{
  "project_info": {
    "project_number": "740005547099",
    "firebase_url": "https://quack-f1544.firebaseio.com",
    "project_id": "quack-f1544",
    "storage_bucket": "quack-f1544.appspot.com"
  },
  "client": [
    {
      "client_info": {
        "mobilesdk_app_id": "1:740005547099:android:a37351d7ca8d4d8a",
        "android_client_info": {
          "package_name": "com.ashish.qck"
        }
      },
      "oauth_client": [
        {
          "client_id": "740005547099-cp1ddub8vl0fb6murvraur0kv1htp0t6.apps.googleusercontent.com",
          "client_type": 1,
          "android_info": {
            "package_name": "com.ashish.qck",
            "certificate_hash": "19d9aa692f3f472d4989f64ee96bb1aa0370fa9c"
          }
        }
      ],
      "api_key": [
        {
          "current_key": "AIzaSyAKdQQDUJaAx_MDQsyTwmQo-w7TYZDPphM"
        }
      ],
      "services": {
        "appinvite_service": {
          "other_platform_oauth_client": [
            {
              "client_id": "740005547099-fj4snt1ao588hhshtmog3e5qij0ki183.apps.googleusercontent.com",
              "client_type": 3
            },
            {
              "client_id": "740005547099-ksqjt2dgkviglnke8n5r6qfg5gu3g3lq.apps.googleusercontent.com",
              "client_type": 2,
              "ios_info": {
                "bundle_id": "com.katya.Quack"
              }
            }
          ]
        }
      }
    }
  ],
  "configuration_version": "1"
}